<?xml version="1.0" ?>

<SEARCH>
	<GRAPH>
		<DESCRIPTION>
			<SHORT></SHORT>
			<DETAILED></DETAILED>
		</DESCRIPTION>

		<!-- Node Definitions -->

		<NODE>
			<NAME>[1,1,1,1,1]</NAME>
			<INDEX>0</INDEX>
			<XPOS>8097.017</XPOS>
			<YPOS>4992.6714</YPOS>
			<TYPE>START</TYPE>
			<HEURISTICVALUE>2.0</HEURISTICVALUE>
		</NODE>

		<!-- Node Definitions -->

		<NODE>
			<NAME>[0,0,1,1,0]</NAME>
			<INDEX>1</INDEX>
			<XPOS>8071.1226</XPOS>
			<YPOS>5087.4688</YPOS>
			<TYPE>REGULAR</TYPE>
			<HEURISTICVALUE>1.0</HEURISTICVALUE>
		</NODE>

		<!-- Node Definitions -->

		<NODE>
			<NAME>[1,0,1,1,1]</NAME>
			<INDEX>2</INDEX>
			<XPOS>7755.028</XPOS>
			<YPOS>5495.1626</YPOS>
			<TYPE>REGULAR</TYPE>
			<HEURISTICVALUE>2.0</HEURISTICVALUE>
		</NODE>

		<!-- Node Definitions -->

		<NODE>
			<NAME>[1,0,0,0,0]</NAME>
			<INDEX>3</INDEX>
			<XPOS>7930.0195</XPOS>
			<YPOS>5525.2124</YPOS>
			<TYPE>REGULAR</TYPE>
			<HEURISTICVALUE>1.0</HEURISTICVALUE>
		</NODE>

		<!-- Node Definitions -->

		<NODE>
			<NAME>[1,1,0,0,1]</NAME>
			<INDEX>4</INDEX>
			<XPOS>8244.004</XPOS>
			<YPOS>5516.2563</YPOS>
			<TYPE>REGULAR</TYPE>
			<HEURISTICVALUE>1.0</HEURISTICVALUE>
		</NODE>

		<!-- Node Definitions -->

		<NODE>
			<NAME>[0,0,0,0,0]</NAME>
			<INDEX>5</INDEX>
			<XPOS>8113.176</XPOS>
			<YPOS>5675.329</YPOS>
			<TYPE>GOAL</TYPE>
			<HEURISTICVALUE>0.0</HEURISTICVALUE>
		</NODE>

		<!-- Node Definitions -->

		<NODE>
			<NAME>[0,1,1,1,1]</NAME>
			<INDEX>6</INDEX>
			<XPOS>8204.075</XPOS>
			<YPOS>5162.1094</YPOS>
			<TYPE>REGULAR</TYPE>
			<HEURISTICVALUE>2.0</HEURISTICVALUE>
		</NODE>

		<!-- Node Definitions -->

		<NODE>
			<NAME>[0,1,0,0,0]</NAME>
			<INDEX>7</INDEX>
			<XPOS>8241.675</XPOS>
			<YPOS>5360.6333</YPOS>
			<TYPE>REGULAR</TYPE>
			<HEURISTICVALUE>1.0</HEURISTICVALUE>
		</NODE>

		<!-- Node Definitions -->

		<NODE>
			<NAME>[1,0,0,1,0]</NAME>
			<INDEX>8</INDEX>
			<XPOS>7686.4673</XPOS>
			<YPOS>5092.2666</YPOS>
			<TYPE>REGULAR</TYPE>
			<HEURISTICVALUE>1.0</HEURISTICVALUE>
		</NODE>

		<!-- Node Definitions -->

		<NODE>
			<NAME>[0,0,1,0,0]</NAME>
			<INDEX>9</INDEX>
			<XPOS>8115.5225</XPOS>
			<YPOS>5426.797</YPOS>
			<TYPE>REGULAR</TYPE>
			<HEURISTICVALUE>1.0</HEURISTICVALUE>
		</NODE>

		<!-- Node Definitions -->

		<NODE>
			<NAME>[0,1,0,1,0]</NAME>
			<INDEX>10</INDEX>
			<XPOS>8217.668</XPOS>
			<YPOS>5072.3906</YPOS>
			<TYPE>REGULAR</TYPE>
			<HEURISTICVALUE>1.0</HEURISTICVALUE>
		</NODE>

		<!-- Node Definitions -->

		<NODE>
			<NAME>[0,1,1,0,0]</NAME>
			<INDEX>11</INDEX>
			<XPOS>8379.532</XPOS>
			<YPOS>5092.283</YPOS>
			<TYPE>REGULAR</TYPE>
			<HEURISTICVALUE>1.0</HEURISTICVALUE>
		</NODE>

		<!-- Node Definitions -->

		<NODE>
			<NAME>[1,0,1,0,1]</NAME>
			<INDEX>12</INDEX>
			<XPOS>8037.214</XPOS>
			<YPOS>5490.448</YPOS>
			<TYPE>REGULAR</TYPE>
			<HEURISTICVALUE>1.0</HEURISTICVALUE>
		</NODE>

		<!-- Node Definitions -->

		<NODE>
			<NAME>[1,1,0,0,0]</NAME>
			<INDEX>13</INDEX>
			<XPOS>7856.074</XPOS>
			<YPOS>5102.1094</YPOS>
			<TYPE>REGULAR</TYPE>
			<HEURISTICVALUE>1.0</HEURISTICVALUE>
		</NODE>

		<!-- Node Definitions -->

		<NODE>
			<NAME>[1,1,0,1,1]</NAME>
			<INDEX>14</INDEX>
			<XPOS>7840.234</XPOS>
			<YPOS>5215.3867</YPOS>
			<TYPE>REGULAR</TYPE>
			<HEURISTICVALUE>2.0</HEURISTICVALUE>
		</NODE>

		<!-- Node Definitions -->

		<NODE>
			<NAME>[1,1,1,0,1]</NAME>
			<INDEX>15</INDEX>
			<XPOS>8082.121</XPOS>
			<YPOS>5322.4697</YPOS>
			<TYPE>REGULAR</TYPE>
			<HEURISTICVALUE>2.0</HEURISTICVALUE>
		</NODE>

		<!-- Edge Definitions -->

		<EDGE>
			<STARTINDEX>0</STARTINDEX>
			<ENDINDEX>1</ENDINDEX>
			<COST>2.0</COST>
		</EDGE>
		<EDGE>
			<STARTINDEX>1</STARTINDEX>
			<ENDINDEX>2</ENDINDEX>
			<COST>1.0</COST>
		</EDGE>
		<EDGE>
			<STARTINDEX>2</STARTINDEX>
			<ENDINDEX>3</ENDINDEX>
			<COST>8.0</COST>
		</EDGE>
		<EDGE>
			<STARTINDEX>3</STARTINDEX>
			<ENDINDEX>4</ENDINDEX>
			<COST>2.0</COST>
		</EDGE>
		<EDGE>
			<STARTINDEX>4</STARTINDEX>
			<ENDINDEX>5</ENDINDEX>
			<COST>2.0</COST>
		</EDGE>
		<EDGE>
			<STARTINDEX>1</STARTINDEX>
			<ENDINDEX>6</ENDINDEX>
			<COST>2.0</COST>
		</EDGE>
		<EDGE>
			<STARTINDEX>6</STARTINDEX>
			<ENDINDEX>7</ENDINDEX>
			<COST>8.0</COST>
		</EDGE>
		<EDGE>
			<STARTINDEX>7</STARTINDEX>
			<ENDINDEX>4</ENDINDEX>
			<COST>1.0</COST>
		</EDGE>
		<EDGE>
			<STARTINDEX>0</STARTINDEX>
			<ENDINDEX>10</ENDINDEX>
			<COST>4.0</COST>
		</EDGE>
		<EDGE>
			<STARTINDEX>0</STARTINDEX>
			<ENDINDEX>8</ENDINDEX>
			<COST>4.0</COST>
		</EDGE>
		<EDGE>
			<STARTINDEX>0</STARTINDEX>
			<ENDINDEX>13</ENDINDEX>
			<COST>8.0</COST>
		</EDGE>
		<EDGE>
			<STARTINDEX>0</STARTINDEX>
			<ENDINDEX>11</ENDINDEX>
			<COST>8.0</COST>
		</EDGE>
		<EDGE>
			<STARTINDEX>8</STARTINDEX>
			<ENDINDEX>14</ENDINDEX>
			<COST>2.0</COST>
		</EDGE>
		<EDGE>
			<STARTINDEX>8</STARTINDEX>
			<ENDINDEX>2</ENDINDEX>
			<COST>4.0</COST>
		</EDGE>
		<EDGE>
			<STARTINDEX>10</STARTINDEX>
			<ENDINDEX>6</ENDINDEX>
			<COST>4.0</COST>
		</EDGE>
		<EDGE>
			<STARTINDEX>13</STARTINDEX>
			<ENDINDEX>15</ENDINDEX>
			<COST>4.0</COST>
		</EDGE>
		<EDGE>
			<STARTINDEX>13</STARTINDEX>
			<ENDINDEX>14</ENDINDEX>
			<COST>8.0</COST>
		</EDGE>
		<EDGE>
			<STARTINDEX>15</STARTINDEX>
			<ENDINDEX>9</ENDINDEX>
			<COST>2.0</COST>
		</EDGE>
		<EDGE>
			<STARTINDEX>9</STARTINDEX>
			<ENDINDEX>12</ENDINDEX>
			<COST>1.0</COST>
		</EDGE>
		<EDGE>
			<STARTINDEX>12</STARTINDEX>
			<ENDINDEX>5</ENDINDEX>
			<COST>4.0</COST>
		</EDGE>
		<EDGE>
			<STARTINDEX>11</STARTINDEX>
			<ENDINDEX>15</ENDINDEX>
			<COST>1.0</COST>
		</EDGE>
		<EDGE>
			<STARTINDEX>11</STARTINDEX>
			<ENDINDEX>6</ENDINDEX>
			<COST>8.0</COST>
		</EDGE>
		<EDGE>
			<STARTINDEX>14</STARTINDEX>
			<ENDINDEX>3</ENDINDEX>
			<COST>8.0</COST>
		</EDGE>

		<!-- Heuristic Settings -->

		<HEURISTIC value="MANUAL"></HEURISTIC>
		<EDGECOSTS value="MANUAL"></EDGECOSTS>

	</GRAPH>
</SEARCH>
